Guid,AssistantName,AssistantPhone,Birthdate,Checkbox__c,Currency__c,DSCORGPKG__Company_HQ_Address__c,DSCORGPKG__Company_HQ_City__c,DSCORGPKG__Company_HQ_Country_Code__c,DSCORGPKG__Company_HQ_Country_Full_Name__c,DSCORGPKG__Company_HQ_Postal_Code__c,DSCORGPKG__Company_HQ_State_Full_Name__c,DSCORGPKG__Company_HQ_State__c,DSCORGPKG__DeletedFromDiscoverOrg__c,DSCORGPKG__DiscoverOrg_Company_ID__c,DSCORGPKG__DiscoverOrg_FullCountryName__c,DSCORGPKG__DiscoverOrg_ID__c,DSCORGPKG__DiscoverOrg_State_Full_Name__c,DSCORGPKG__DiscoverOrg_Technologies__c,DSCORGPKG__Email_Invalid__c,DSCORGPKG__Exclude_Update__c,DSCORGPKG__External_DiscoverOrg_Id__c,DSCORGPKG__Job_Function__c,DSCORGPKG__LinkedIn_URL__c,DSCORGPKG__Management_Level__c,DSCORGPKG__MiddleName__c,DSCORGPKG__NickName__c,DSCORGPKG__REMOVELinkedinURL__c,DSCORGPKG__ReportsTo__c,DSCORGPKG__Twitter_URL__c,DSCORGPKG__department__c,DSCORGPKG__title_Custom__c,Datetest__c,Department,Description,DoNotCall,Email,EmailBouncedReason,Email__c,Encryption__c,Fax,FirstName,HasOptedOutOfEmail,HasOptedOutOfFax,HomePhone,Jigsaw,LastName,LeadSource,MailingCity,MailingCountry,MailingGeocodeAccuracy,MailingLatitude,MailingLongitude,MailingPostalCode,MailingState,MailingStreet,MobilePhone,Multipicklist__c,NumberTest__c,Number__c,OtherCity,OtherCountry,OtherGeocodeAccuracy,OtherLatitude,OtherLongitude,OtherPhone,OtherPostalCode,OtherState,OtherStreet,Percent_Test__c,Phone,Phone__c,Picklist__c,Salutation,Textarearich__c,Time__c,Title,URL__c,checkbox1234__c,checkbox_field__c,currency_field__c,email_field__c,long_text_area_field__c,number_field__c,number_test__c,override_dupecatcher__c,pick_multi__c,picklist16__c,picklist32__c,picklist47__c,picklist64__c,picklist80__c,picklist87__c,picklist8__c,picklist95__c,picklist_field__c,rh2__Currency_Test__c,rh2__Integer_Test__c,rich_text_field__c,test_number__c,test_time__c,text_area__c,text_field2222__c,text_field__c
26c915d0-f154-470f-88e3-efc5b80debff,"#N/A","#N/A","#N/A",false,"#N/A","#N/A","#N/A","#N/A","#N/A","#N/A","#N/A","#N/A",false,"#N/A","#N/A","#N/A","#N/A","#N/A",false,false,"#N/A","#N/A","#N/A","#N/A","#N/A","#N/A","#N/A","#N/A","#N/A","#N/A","#N/A","#N/A","#N/A","#N/A",false,"#N/A","#N/A","#N/A","#N/A","#N/A",Test,false,false,"#N/A","#N/A",1,"#N/A","#N/A","#N/A","#N/A","#N/A","#N/A","#N/A","#N/A","#N/A","#N/A","#N/A","#N/A","#N/A","#N/A","#N/A","#N/A","#N/A","#N/A","#N/A","#N/A","#N/A","#N/A","#N/A","#N/A","#N/A","#N/A","#N/A","#N/A","#N/A","#N/A","#N/A",false,false,"#N/A","#N/A","#N/A","#N/A","#N/A",false,"#N/A","#N/A","#N/A","#N/A","#N/A","#N/A","#N/A","#N/A","#N/A","#N/A","#N/A","#N/A","#N/A","#N/A","#N/A","#N/A","#N/A","#N/A"
28f8670c-2cac-4f53-845d-a86b0b9696a4,"#N/A","#N/A","#N/A",false,"#N/A","#N/A","#N/A","#N/A","#N/A","#N/A","#N/A","#N/A",false,"#N/A","#N/A","#N/A","#N/A","#N/A",false,false,"#N/A","#N/A","#N/A","#N/A","#N/A","#N/A","#N/A","#N/A","#N/A","#N/A","#N/A","#N/A","#N/A","#N/A",false,"#N/A","#N/A","#N/A","#N/A",AN,"#N/A",false,false,"#N/A","#N/A",vishnu sharma,"#N/A","#N/A","#N/A","#N/A","#N/A","#N/A","#N/A","#N/A","#N/A","#N/A","#N/A","#N/A","#N/A","#N/A","#N/A","#N/A","#N/A","#N/A","#N/A","#N/A","#N/A","#N/A","#N/A","#NA","#N/A","#N/A","#N/A","#N/A","#N/A","#N/A","#N/A",false,false,"#N/A","#N/A","#N/A","#N/A","#N/A",false,"#N/A","#N/A","#N/A","#N/A","#N/A","#N/A","#N/A","#N/A","#N/A","#N/A","#N/A","#N/A","#N/A","#N/A","#N/A","#N/A","#N/A","#N/A"
299ce600-cc15-4d7e-8d64-7874fc92c75a,"#N/A","#N/A","#N/A",false,"#N/A","#N/A","#N/A","#N/A","#N/A","#N/A","#N/A","#N/A",false,"#N/A","#N/A","#N/A","#N/A","#N/A",false,false,"#N/A","#N/A","#N/A","#N/A","#N/A","#N/A","#N/A","#N/A","#N/A","#N/A","#N/A","#N/A","#N/A","#N/A",false,"#N/A","#N/A","#N/A","#N/A","#N/A","#N/A",false,false,"#N/A","#N/A",Laxk1,"#N/A","#N/A","#N/A","#N/A","#N/A","#N/A","#N/A","#N/A","#N/A","#N/A","#N/A","#N/A","#N/A","#N/A","#N/A","#N/A","#N/A","#N/A","#N/A","#N/A","#N/A","#N/A","#N/A","#N/A","#N/A","#N/A","#N/A","#N/A","#N/A","#N/A","#N/A",false,false,"#N/A","#N/A","#N/A","#N/A","#N/A",false,"#N/A","#N/A","#N/A","#N/A","#N/A","#N/A","#N/A","#N/A","#N/A","#N/A","#N/A","#N/A","#N/A","#N/A","#N/A","#N/A","#N/A","#N/A"
3f0521db-32e9-4d91-a3c9-a083e9b3a1ce,"#N/A","#N/A","#N/A",false,"#N/A","#N/A","#N/A","#N/A","#N/A","#N/A","#N/A","#N/A",false,"#N/A","#N/A","#N/A","#N/A","#N/A",false,false,"#N/A","#N/A","#N/A","#N/A","#N/A","#N/A","#N/A","#N/A","#N/A","#N/A","#N/A","#N/A","#N/A","#N/A",false,"#N/A","#N/A","#N/A","#N/A","#N/A","#N/A",false,false,"#N/A","#N/A",Demo_Contact,"#N/A","#N/A","#N/A","#N/A","#N/A","#N/A","#N/A","#N/A","#N/A","#N/A","#N/A","#N/A","#N/A","#N/A","#N/A","#N/A","#N/A","#N/A","#N/A","#N/A","#N/A","#N/A","#N/A","#N/A","#N/A","#N/A","#N/A","#N/A","#N/A","#N/A","#N/A",false,false,"#N/A","#N/A","#N/A","#N/A","#N/A",false,"#N/A","#N/A","#N/A","#N/A","#N/A","#N/A","#N/A","#N/A","#N/A","#N/A","#N/A","#N/A","#N/A","#N/A","#N/A","#N/A","#N/A","#N/A"
46d5c04a-9010-4560-85fe-2abee2760f0c,"#N/A",_,"#N/A",false,"#N/A","#N/A","#N/A","#N/A","#N/A","#N/A","#N/A","#N/A",false,"#N/A","#N/A","#N/A","#N/A","#N/A",false,false,"#N/A","#N/A","#N/A","#N/A","#N/A","#N/A","#N/A","#N/A","#N/A","#N/A","#N/A","#N/A","#N/A","#N/A",false,"#N/A","#N/A","#N/A","#N/A",AN,vishnu,false,false,"#N/A","#N/A",sharma,"#N/A","#N/A","#N/A","#N/A","#N/A","#N/A","#N/A","#N/A","#N/A",NA,"#N/A","#N/A","#N/A","#N/A","#N/A","#N/A","#N/A","#N/A","#N/A","#N/A","#N/A","#N/A","#N/A","#NA","#N/A","#N/A","#N/A","#N/A","#N/A","#N/A","#N/A",false,false,"#N/A","#N/A","#N/A","#N/A","#N/A",false,"#N/A","#N/A","#N/A","#N/A","#N/A","#N/A","#N/A","#N/A","#N/A","#N/A","#N/A","#N/A","#N/A","#N/A","#N/A","#N/A","#N/A","#N/A"
518d4223-704f-4d3e-8fc3-b67ccf4f6293,"#N/A","#N/A","#N/A",false,"#N/A","#N/A","#N/A","#N/A","#N/A","#N/A","#N/A","#N/A",false,"#N/A","#N/A","#N/A","#N/A","#N/A",false,false,"#N/A","#N/A","#N/A","#N/A","#N/A","#N/A","#N/A","#N/A","#N/A","#N/A","#N/A","#N/A","#N/A","#N/A",false,"#N/A","#N/A","#N/A","#N/A","#N/A","#N/A",false,false,"#N/A","#N/A",Demo_Contact,"#N/A","#N/A","#N/A","#N/A","#N/A","#N/A","#N/A","#N/A","#N/A","#N/A","#N/A","#N/A","#N/A","#N/A","#N/A","#N/A","#N/A","#N/A","#N/A","#N/A","#N/A","#N/A","#N/A","#N/A","#N/A","#N/A","#N/A","#N/A","#N/A","#N/A","#N/A",false,false,"#N/A","#N/A","#N/A","#N/A","#N/A",false,"#N/A","#N/A","#N/A","#N/A","#N/A","#N/A","#N/A","#N/A","#N/A","#N/A","#N/A","#N/A","#N/A","#N/A","#N/A","#N/A","#N/A","#N/A"
547fcc9c-7960-4853-b4a3-b26e64a9af0e,"#N/A","#N/A","#N/A",false,"#N/A","#N/A","#N/A","#N/A","#N/A","#N/A","#N/A","#N/A",false,"#N/A","#N/A","#N/A","#N/A","#N/A",false,false,"#N/A","#N/A","#N/A","#N/A","#N/A","#N/A","#N/A","#N/A","#N/A","#N/A","#N/A","#N/A","#N/A","#N/A",false,"#N/A","#N/A","#N/A","#N/A","#N/A","#N/A",false,false,"#N/A","#N/A",Person qqqq,"#N/A","#N/A","#N/A","#N/A","#N/A","#N/A","#N/A","#N/A","#N/A","#N/A","#N/A","#N/A","#N/A","#N/A","#N/A","#N/A","#N/A","#N/A","#N/A","#N/A","#N/A","#N/A","#N/A","#N/A","#N/A","#N/A","#N/A","#N/A","#N/A","#N/A","#N/A",false,false,"#N/A","#N/A","#N/A","#N/A","#N/A",false,"#N/A","#N/A","#N/A","#N/A","#N/A","#N/A","#N/A","#N/A","#N/A","#N/A","#N/A","#N/A","#N/A","#N/A","#N/A","#N/A","#N/A","#N/A"
58483837-e1e4-41b8-8f71-f3ec02394a22,"#N/A","#N/A","#N/A",false,"#N/A","#N/A","#N/A","#N/A","#N/A","#N/A","#N/A","#N/A",false,"#N/A","#N/A","#N/A","#N/A","#N/A",false,false,"#N/A","#N/A","#N/A","#N/A","#N/A","#N/A","#N/A","#N/A","#N/A","#N/A","#N/A","#N/A","#N/A","#N/A",false,"#N/A","#N/A","#N/A","#N/A","#N/A","#N/A",false,false,"#N/A","#N/A",Demo_Contact,"#N/A","#N/A","#N/A","#N/A","#N/A","#N/A","#N/A","#N/A","#N/A","#N/A","#N/A","#N/A","#N/A","#N/A","#N/A","#N/A","#N/A","#N/A","#N/A","#N/A","#N/A","#N/A","#N/A","#N/A","#N/A","#N/A","#N/A","#N/A","#N/A","#N/A","#N/A",false,false,"#N/A","#N/A","#N/A","#N/A","#N/A",false,"#N/A","#N/A","#N/A","#N/A","#N/A","#N/A","#N/A","#N/A","#N/A","#N/A","#N/A","#N/A","#N/A","#N/A","#N/A","#N/A","#N/A","#N/A"
669a87f7-4154-4587-b063-41dbc0b5d32d,"#N/A","#N/A","#N/A",false,"#N/A","#N/A","#N/A","#N/A","#N/A","#N/A","#N/A","#N/A",false,"#N/A","#N/A","#N/A","#N/A","#N/A",false,false,"#N/A","#N/A","#N/A","#N/A","#N/A","#N/A","#N/A","#N/A","#N/A","#N/A","#N/A","#N/A","#N/A","#N/A",false,"#N/A","#N/A","#N/A","#N/A","#N/A","#N/A",false,false,"#N/A","#N/A",CR1,"#N/A","#N/A","#N/A","#N/A","#N/A","#N/A","#N/A","#N/A","#N/A","#N/A","#N/A","#N/A","#N/A","#N/A","#N/A","#N/A","#N/A","#N/A","#N/A","#N/A","#N/A","#N/A","#N/A","#N/A","#N/A","#N/A","#N/A","#N/A","#N/A","#N/A","#N/A",false,false,"#N/A","#N/A","#N/A","#N/A","#N/A",false,"#N/A","#N/A","#N/A","#N/A","#N/A","#N/A","#N/A","#N/A","#N/A","#N/A","#N/A","#N/A","#N/A","#N/A","#N/A","#N/A","#N/A","#N/A"
6788eba8-eb0e-456c-8b5d-f11a1a0256c6,"#N/A","#N/A","#N/A",false,"#N/A","#N/A","#N/A","#N/A","#N/A","#N/A","#N/A","#N/A",false,"#N/A","#N/A","#N/A","#N/A","#N/A",false,false,"#N/A","#N/A","#N/A","#N/A","#N/A","#N/A","#N/A","#N/A","#N/A","#N/A","#N/A","#N/A","#N/A","#N/A",false,"#N/A","#N/A","#N/A","#N/A","#N/A","#N/A",false,false,"#N/A","#N/A",Person qqqq,"#N/A","#N/A","#N/A","#N/A","#N/A","#N/A","#N/A","#N/A","#N/A","#N/A","#N/A","#N/A","#N/A","#N/A","#N/A","#N/A","#N/A","#N/A","#N/A","#N/A","#N/A","#N/A","#N/A","#N/A","#N/A","#N/A","#N/A","#N/A","#N/A","#N/A","#N/A",false,false,"#N/A","#N/A","#N/A","#N/A","#N/A",false,"#N/A","#N/A","#N/A","#N/A","#N/A","#N/A","#N/A","#N/A","#N/A","#N/A","#N/A","#N/A","#N/A","#N/A","#N/A","#N/A","#N/A","#N/A"
8f4c8205-90a0-4c76-b7f9-08e26d9e517a,"#N/A","#N/A","#N/A",false,"#N/A","#N/A","#N/A","#N/A","#N/A","#N/A","#N/A","#N/A",false,"#N/A","#N/A","#N/A","#N/A","#N/A",false,false,"#N/A","#N/A","#N/A","#N/A","#N/A","#N/A","#N/A","#N/A","#N/A","#N/A","#N/A","#N/A","#N/A","#N/A",false,"#N/A","#N/A","#N/A","#N/A","#N/A","#N/A",false,false,"#N/A","#N/A",H1_Test,"#N/A","#N/A","#N/A","#N/A","#N/A","#N/A","#N/A","#N/A","#N/A","#N/A","#N/A","#N/A","#N/A","#N/A","#N/A","#N/A","#N/A","#N/A","#N/A","#N/A","#N/A","#N/A","#N/A","#N/A","#N/A","#N/A","#N/A","#N/A","#N/A","#N/A","#N/A",false,false,"#N/A","#N/A","#N/A","#N/A","#N/A",false,"#N/A","#N/A","#N/A","#N/A","#N/A","#N/A","#N/A","#N/A","#N/A","#N/A","#N/A","#N/A","#N/A","#N/A","#N/A","#N/A","#N/A","#N/A"
a3e48ba5-3701-4fef-8ac8-e1998a866ff1,"#N/A","#N/A","#N/A",false,"#N/A","#N/A","#N/A","#N/A","#N/A","#N/A","#N/A","#N/A",false,"#N/A","#N/A","#N/A","#N/A","#N/A",false,false,"#N/A","#N/A","#N/A","#N/A","#N/A","#N/A","#N/A","#N/A","#N/A","#N/A","#N/A","#N/A","#N/A","#N/A",false,"#N/A","#N/A","#N/A","#N/A","#N/A","#N/A",false,false,"#N/A","#N/A",Demo_Contact,"#N/A","#N/A","#N/A","#N/A","#N/A","#N/A","#N/A","#N/A","#N/A","#N/A","#N/A","#N/A","#N/A","#N/A","#N/A","#N/A","#N/A","#N/A","#N/A","#N/A","#N/A","#N/A","#N/A","#N/A","#N/A","#N/A","#N/A","#N/A","#N/A","#N/A","#N/A",false,false,"#N/A","#N/A","#N/A","#N/A","#N/A",false,"#N/A","#N/A","#N/A","#N/A","#N/A","#N/A","#N/A","#N/A","#N/A","#N/A","#N/A","#N/A","#N/A","#N/A","#N/A","#N/A","#N/A","#N/A"
c1f6242d-8066-49b7-84a0-d2d199fb714d,"#N/A","#N/A",1939-10-14,false,"#N/A","#N/A","#N/A","#N/A","#N/A","#N/A","#N/A","#N/A",false,"#N/A","#N/A","#N/A","#N/A","#N/A",false,false,"#N/A","#N/A","#N/A","#N/A","#N/A","#N/A","#N/A","#N/A","#N/A","#N/A","#N/A","#N/A",Technology,"#N/A",false,efrank@genepoint.com,"#N/A","#N/A","#N/A",(650) 867-9895,Edna,false,false,"#N/A","#N/A",Frank,Partner,"#N/A","#N/A","#N/A","#N/A","#N/A","#N/A","#N/A","345 Shoreline Park
Mountain View, CA 94043
USA",(650) 867-7686,"#N/A","#N/A","#N/A","#N/A","#N/A","#N/A","#N/A","#N/A","#N/A","#N/A","#N/A","#N/A","#N/A",(650) 867-3450,"#N/A","#N/A",Ms.,"#N/A","#N/A","VP, Technology","#N/A",false,false,"#N/A","#N/A","#N/A","#N/A","#N/A",false,"#N/A","#N/A","#N/A","#N/A","#N/A","#N/A","#N/A","#N/A","#N/A","#N/A","#N/A","#N/A","#N/A","#N/A","#N/A","#N/A","#N/A","#N/A"
eec057ad-a153-4a8a-8593-99d3a872224b,"#N/A","#N/A","#N/A",false,"#N/A","#N/A","#N/A","#N/A","#N/A","#N/A","#N/A","#N/A",false,"#N/A","#N/A","#N/A","#N/A","#N/A",false,false,"#N/A","#N/A","#N/A","#N/A","#N/A","#N/A","#N/A","#N/A","#N/A","#N/A","#N/A","#N/A","#N/A","#N/A",false,"#N/A","#N/A","#N/A","#N/A","#N/A","#N/A",false,false,"#N/A","#N/A",Demo_Contact,"#N/A","#N/A","#N/A","#N/A","#N/A","#N/A","#N/A","#N/A","#N/A","#N/A","#N/A","#N/A","#N/A","#N/A","#N/A","#N/A","#N/A","#N/A","#N/A","#N/A","#N/A","#N/A","#N/A","#N/A","#N/A","#N/A","#N/A","#N/A","#N/A","#N/A","#N/A",false,false,"#N/A","#N/A","#N/A","#N/A","#N/A",false,"#N/A","#N/A","#N/A","#N/A","#N/A","#N/A","#N/A","#N/A","#N/A","#N/A","#N/A","#N/A","#N/A","#N/A","#N/A","#N/A","#N/A","#N/A"
